id,char,path
1,天,assets/0.svg
2,地,assets/1.svg
3,玄,assets/2.svg
4,黃,assets/3.svg
5,宇,assets/4.svg
6,宙,assets/5.svg
7,洪,assets/6.svg
8,荒,assets/7.svg
9,日,assets/8.svg
10,月,assets/9.svg
11,盈,assets/10.svg
12,昃,assets/11.svg
13,辰,assets/12.svg
14,宿,assets/13.svg
15,列,assets/14.svg
16,張,assets/15.svg
17,寒,assets/16.svg
18,來,assets/17.svg
19,暑,assets/18.svg
20,往,assets/19.svg
21,秋,assets/20.svg
22,收,assets/21.svg
23,冬,assets/22.svg
24,藏,assets/23.svg
25,閏,assets/24.svg
26,餘,assets/25.svg
27,成,assets/26.svg
28,歲,assets/27.svg
29,律,assets/28.svg
30,呂,assets/29.svg
31,調,assets/30.svg
32,陽,assets/31.svg
33,雲,assets/32.svg
34,騰,assets/33.svg
35,致,assets/34.svg
36,雨,assets/35.svg
37,露,assets/36.svg
38,結,assets/37.svg
39,為,assets/38.svg
40,霜,assets/39.svg
41,金,assets/40.svg
42,生,assets/41.svg
43,麗,assets/42.svg
44,水,assets/43.svg
45,玉,assets/44.svg
46,出,assets/45.svg
47,崑,assets/46.svg
48,崗,assets/47.svg
49,劍,assets/48.svg
50,號,assets/49.svg
51,巨,assets/50.svg
52,闕,assets/51.svg
53,珠,assets/52.svg
54,稱,assets/53.svg
55,夜,assets/54.svg
56,光,assets/55.svg
57,果,assets/56.svg
58,珍,assets/57.svg
59,李,assets/58.svg
60,柰,assets/59.svg
61,菜,assets/60.svg
62,重,assets/61.svg
63,芥,assets/62.svg
64,薑,assets/63.svg
65,海,assets/64.svg
66,鹹,assets/65.svg
67,河,assets/66.svg
68,淡,assets/67.svg
69,鱗,assets/68.svg
70,潛,assets/69.svg
71,羽,assets/70.svg
72,翔,assets/71.svg
73,龍,assets/72.svg
74,師,assets/73.svg
75,火,assets/74.svg
76,帝,assets/75.svg
77,鳥,assets/76.svg
78,官,assets/77.svg
79,人,assets/78.svg
80,皇,assets/79.svg
81,始,assets/80.svg
82,制,assets/81.svg
83,文,assets/82.svg
84,字,assets/83.svg
85,乃,assets/84.svg
86,服,assets/85.svg
87,衣,assets/86.svg
88,裳,assets/87.svg
89,推,assets/88.svg
90,位,assets/89.svg
91,讓,assets/90.svg
92,國,assets/91.svg
93,有,assets/92.svg
94,虞,assets/93.svg
95,陶,assets/94.svg
96,唐,assets/95.svg
97,弔,assets/96.svg
98,民,assets/97.svg
99,伐,assets/98.svg
100,罪,assets/99.svg
101,周,assets/100.svg
102,發,assets/101.svg
103,殷,assets/102.svg
104,湯,assets/103.svg
105,坐,assets/104.svg
106,朝,assets/105.svg
107,問,assets/106.svg
108,道,assets/107.svg
109,垂,assets/108.svg
110,拱,assets/109.svg
111,平,assets/110.svg
112,章,assets/111.svg
113,愛,assets/112.svg
114,育,assets/113.svg
115,黎,assets/114.svg
116,首,assets/115.svg
117,臣,assets/116.svg
118,伏,assets/117.svg
119,戎,assets/118.svg
120,羌,assets/119.svg
121,遐,assets/120.svg
122,邇,assets/121.svg
123,壹,assets/122.svg
124,體,assets/123.svg
125,率,assets/124.svg
126,賓,assets/125.svg
127,歸,assets/126.svg
128,王,assets/127.svg
129,鳴,assets/128.svg
130,鳳,assets/129.svg
131,在,assets/130.svg
132,樹,assets/131.svg
133,白,assets/132.svg
134,駒,assets/133.svg
135,食,assets/134.svg
136,場,assets/135.svg
137,化,assets/136.svg
138,被,assets/137.svg
139,草,assets/138.svg
140,木,assets/139.svg
141,賴,assets/140.svg
142,及,assets/141.svg
143,萬,assets/142.svg
144,方,assets/143.svg
145,蓋,assets/144.svg
146,此,assets/145.svg
147,身,assets/146.svg
148,髮,assets/147.svg
149,四,assets/148.svg
150,大,assets/149.svg
151,五,assets/150.svg
152,常,assets/151.svg
153,恭,assets/152.svg
154,惟,assets/153.svg
155,鞠,assets/154.svg
156,養,assets/155.svg
157,豈,assets/156.svg
158,敢,assets/157.svg
159,毀,assets/158.svg
160,傷,assets/159.svg
161,女,assets/160.svg
162,慕,assets/161.svg
163,貞,assets/162.svg
164,絜,assets/163.svg
165,男,assets/164.svg
166,效,assets/165.svg
167,才,assets/166.svg
168,良,assets/167.svg
169,知,assets/168.svg
170,過,assets/169.svg
171,必,assets/170.svg
172,改,assets/171.svg
173,得,assets/172.svg
174,能,assets/173.svg
175,莫,assets/174.svg
176,忘,assets/175.svg
177,罔,assets/176.svg
178,談,assets/177.svg
179,彼,assets/178.svg
180,短,assets/179.svg
181,靡,assets/180.svg
182,恃,assets/181.svg
183,己,assets/182.svg
184,長,assets/183.svg
185,信,assets/184.svg
186,使,assets/185.svg
187,可,assets/186.svg
188,覆,assets/187.svg
189,器,assets/188.svg
190,欲,assets/189.svg
191,難,assets/190.svg
192,量,assets/191.svg
193,墨,assets/192.svg
194,悲,assets/193.svg
195,絲,assets/194.svg
196,染,assets/195.svg
197,詩,assets/196.svg
198,讚,assets/197.svg
199,羔,assets/198.svg
200,羊,assets/199.svg
201,景,assets/200.svg
202,行,assets/201.svg
203,維,assets/202.svg
204,賢,assets/203.svg
205,剋,assets/204.svg
206,念,assets/205.svg
207,作,assets/206.svg
208,聖,assets/207.svg
209,德,assets/208.svg
210,建,assets/209.svg
211,名,assets/210.svg
212,立,assets/211.svg
213,形,assets/212.svg
214,端,assets/213.svg
215,表,assets/214.svg
216,正,assets/215.svg
217,空,assets/216.svg
218,谷,assets/217.svg
219,傳,assets/218.svg
220,聲,assets/219.svg
221,虛,assets/220.svg
222,堂,assets/221.svg
223,習,assets/222.svg
224,聽,assets/223.svg
225,禍,assets/224.svg
226,因,assets/225.svg
227,惡,assets/226.svg
228,積,assets/227.svg
229,福,assets/228.svg
230,緣,assets/229.svg
231,善,assets/230.svg
232,慶,assets/231.svg
233,尺,assets/232.svg
234,璧,assets/233.svg
235,非,assets/234.svg
236,寶,assets/235.svg
237,寸,assets/236.svg
238,陰,assets/237.svg
239,是,assets/238.svg
240,競,assets/239.svg
241,資,assets/240.svg
242,父,assets/241.svg
243,事,assets/242.svg
244,君,assets/243.svg
245,曰,assets/244.svg
246,嚴,assets/245.svg
247,與,assets/246.svg
248,敬,assets/247.svg
249,孝,assets/248.svg
250,當,assets/249.svg
251,竭,assets/250.svg
252,力,assets/251.svg
253,忠,assets/252.svg
254,則,assets/253.svg
255,盡,assets/254.svg
256,命,assets/255.svg
257,臨,assets/256.svg
258,深,assets/257.svg
259,履,assets/258.svg
260,薄,assets/259.svg
261,夙,assets/260.svg
262,興,assets/261.svg
263,溫,assets/262.svg
264,凊,assets/263.svg
265,似,assets/264.svg
266,蘭,assets/265.svg
267,斯,assets/266.svg
268,馨,assets/267.svg
269,如,assets/268.svg
270,松,assets/269.svg
271,之,assets/270.svg
272,盛,assets/271.svg
273,川,assets/272.svg
274,流,assets/273.svg
275,不,assets/274.svg
276,息,assets/275.svg
277,淵,assets/276.svg
278,澄,assets/277.svg
279,取,assets/278.svg
280,映,assets/279.svg
281,容,assets/280.svg
282,止,assets/281.svg
283,若,assets/282.svg
284,思,assets/283.svg
285,言,assets/284.svg
286,辭,assets/285.svg
287,安,assets/286.svg
288,定,assets/287.svg
289,篤,assets/288.svg
290,初,assets/289.svg
291,誠,assets/290.svg
292,美,assets/291.svg
293,慎,assets/292.svg
294,終,assets/293.svg
295,宜,assets/294.svg
296,令,assets/295.svg
297,榮,assets/296.svg
298,業,assets/297.svg
299,所,assets/298.svg
300,基,assets/299.svg
301,藉,assets/300.svg
302,甚,assets/301.svg
303,無,assets/302.svg
304,竟,assets/303.svg
305,學,assets/304.svg
306,優,assets/305.svg
307,登,assets/306.svg
308,仕,assets/307.svg
309,攝,assets/308.svg
310,職,assets/309.svg
311,從,assets/310.svg
312,政,assets/311.svg
313,存,assets/312.svg
314,以,assets/313.svg
315,甘,assets/314.svg
316,棠,assets/315.svg
317,去,assets/316.svg
318,而,assets/317.svg
319,益,assets/318.svg
320,詠,assets/319.svg
321,樂,assets/320.svg
322,殊,assets/321.svg
323,貴,assets/322.svg
324,賤,assets/323.svg
325,禮,assets/324.svg
326,別,assets/325.svg
327,尊,assets/326.svg
328,卑,assets/327.svg
329,上,assets/328.svg
330,和,assets/329.svg
331,下,assets/330.svg
332,睦,assets/331.svg
333,夫,assets/332.svg
334,唱,assets/333.svg
335,婦,assets/334.svg
336,隨,assets/335.svg
337,外,assets/336.svg
338,受,assets/337.svg
339,傅,assets/338.svg
340,訓,assets/339.svg
341,入,assets/340.svg
342,奉,assets/341.svg
343,母,assets/342.svg
344,儀,assets/343.svg
345,諸,assets/344.svg
346,姑,assets/345.svg
347,伯,assets/346.svg
348,叔,assets/347.svg
349,猶,assets/348.svg
350,子,assets/349.svg
351,比,assets/350.svg
352,兒,assets/351.svg
353,孔,assets/352.svg
354,懷,assets/353.svg
355,兄,assets/354.svg
356,弟,assets/355.svg
357,同,assets/356.svg
358,氣,assets/357.svg
359,連,assets/358.svg
360,枝,assets/359.svg
361,交,assets/360.svg
362,友,assets/361.svg
363,投,assets/362.svg
364,分,assets/363.svg
365,切,assets/364.svg
366,磨,assets/365.svg
367,箴,assets/366.svg
368,規,assets/367.svg
369,仁,assets/368.svg
370,慈,assets/369.svg
371,隱,assets/370.svg
372,惻,assets/371.svg
373,造,assets/372.svg
374,次,assets/373.svg
375,弗,assets/374.svg
376,離,assets/375.svg
377,節,assets/376.svg
378,義,assets/377.svg
379,廉,assets/378.svg
380,退,assets/379.svg
381,顛,assets/380.svg
382,沛,assets/381.svg
383,匪,assets/382.svg
384,虧,assets/383.svg
385,性,assets/384.svg
386,靜,assets/385.svg
387,情,assets/386.svg
388,逸,assets/387.svg
389,心,assets/388.svg
390,動,assets/389.svg
391,神,assets/390.svg
392,疲,assets/391.svg
393,守,assets/392.svg
394,真,assets/393.svg
395,志,assets/394.svg
396,滿,assets/395.svg
397,逐,assets/396.svg
398,物,assets/397.svg
399,意,assets/398.svg
400,移,assets/399.svg
401,堅,assets/400.svg
402,持,assets/401.svg
403,雅,assets/402.svg
404,操,assets/403.svg
405,好,assets/404.svg
406,爵,assets/405.svg
407,自,assets/406.svg
408,縻,assets/407.svg
409,都,assets/408.svg
410,邑,assets/409.svg
411,華,assets/410.svg
412,夏,assets/411.svg
413,東,assets/412.svg
414,西,assets/413.svg
415,二,assets/414.svg
416,京,assets/415.svg
417,背,assets/416.svg
418,邙,assets/417.svg
419,面,assets/418.svg
420,洛,assets/419.svg
421,浮,assets/420.svg
422,渭,assets/421.svg
423,據,assets/422.svg
424,涇,assets/423.svg
425,宮,assets/424.svg
426,殿,assets/425.svg
427,盤,assets/426.svg
428,鬱,assets/427.svg
429,樓,assets/428.svg
430,觀,assets/429.svg
431,飛,assets/430.svg
432,驚,assets/431.svg
433,圖,assets/432.svg
434,寫,assets/433.svg
435,禽,assets/434.svg
436,獸,assets/435.svg
437,畫,assets/436.svg
438,綵,assets/437.svg
439,仙,assets/438.svg
440,靈,assets/439.svg
441,丙,assets/440.svg
442,舍,assets/441.svg
443,傍,assets/442.svg
444,啟,assets/443.svg
445,甲,assets/444.svg
446,帳,assets/445.svg
447,對,assets/446.svg
448,楹,assets/447.svg
449,肆,assets/448.svg
450,筵,assets/449.svg
451,設,assets/450.svg
452,席,assets/451.svg
453,鼓,assets/452.svg
454,瑟,assets/453.svg
455,吹,assets/454.svg
456,笙,assets/455.svg
457,升,assets/456.svg
458,階,assets/457.svg
459,納,assets/458.svg
460,陛,assets/459.svg
461,弁,assets/460.svg
462,轉,assets/461.svg
463,疑,assets/462.svg
464,星,assets/463.svg
465,右,assets/464.svg
466,通,assets/465.svg
467,廣,assets/466.svg
468,內,assets/467.svg
469,左,assets/468.svg
470,達,assets/469.svg
471,承,assets/470.svg
472,明,assets/471.svg
473,既,assets/472.svg
474,集,assets/473.svg
475,墳,assets/474.svg
476,典,assets/475.svg
477,亦,assets/476.svg
478,聚,assets/477.svg
479,群,assets/478.svg
480,英,assets/479.svg
481,杜,assets/480.svg
482,稿,assets/481.svg
483,鍾,assets/482.svg
484,隸,assets/483.svg
485,漆,assets/484.svg
486,書,assets/485.svg
487,壁,assets/486.svg
488,經,assets/487.svg
489,府,assets/488.svg
490,羅,assets/489.svg
491,將,assets/490.svg
492,相,assets/491.svg
493,路,assets/492.svg
494,俠,assets/493.svg
495,槐,assets/494.svg
496,卿,assets/495.svg
497,戶,assets/496.svg
498,封,assets/497.svg
499,八,assets/498.svg
500,縣,assets/499.svg
501,家,assets/500.svg
502,給,assets/501.svg
503,千,assets/502.svg
504,兵,assets/503.svg
505,高,assets/504.svg
506,冠,assets/505.svg
507,陪,assets/506.svg
508,輦,assets/507.svg
509,驅,assets/508.svg
510,轂,assets/509.svg
511,振,assets/510.svg
512,纓,assets/511.svg
513,世,assets/512.svg
514,祿,assets/513.svg
515,侈,assets/514.svg
516,富,assets/515.svg
517,車,assets/516.svg
518,駕,assets/517.svg
519,肥,assets/518.svg
520,輕,assets/519.svg
521,策,assets/520.svg
522,功,assets/521.svg
523,茂,assets/522.svg
524,實,assets/523.svg
525,勒,assets/524.svg
526,碑,assets/525.svg
527,刻,assets/526.svg
528,銘,assets/527.svg
529,磻,assets/528.svg
530,溪,assets/529.svg
531,伊,assets/530.svg
532,尹,assets/531.svg
533,佐,assets/532.svg
534,時,assets/533.svg
535,阿,assets/534.svg
536,衡,assets/535.svg
537,奄,assets/536.svg
538,宅,assets/537.svg
539,曲,assets/538.svg
540,阜,assets/539.svg
541,微,assets/540.svg
542,旦,assets/541.svg
543,孰,assets/542.svg
544,營,assets/543.svg
545,桓,assets/544.svg
546,公,assets/545.svg
547,匡,assets/546.svg
548,合,assets/547.svg
549,濟,assets/548.svg
550,弱,assets/549.svg
551,扶,assets/550.svg
552,傾,assets/551.svg
553,綺,assets/552.svg
554,迴,assets/553.svg
555,漢,assets/554.svg
556,惠,assets/555.svg
557,說,assets/556.svg
558,感,assets/557.svg
559,武,assets/558.svg
560,丁,assets/559.svg
561,俊,assets/560.svg
562,乂,assets/561.svg
563,密,assets/562.svg
564,勿,assets/563.svg
565,多,assets/564.svg
566,士,assets/565.svg
567,寔,assets/566.svg
568,寧,assets/567.svg
569,晉,assets/568.svg
570,楚,assets/569.svg
571,更,assets/570.svg
572,霸,assets/571.svg
573,趙,assets/572.svg
574,魏,assets/573.svg
575,困,assets/574.svg
576,橫,assets/575.svg
577,假,assets/576.svg
578,途,assets/577.svg
579,滅,assets/578.svg
580,虢,assets/579.svg
581,踐,assets/580.svg
582,土,assets/581.svg
583,會,assets/582.svg
584,盟,assets/583.svg
585,何,assets/584.svg
586,遵,assets/585.svg
587,約,assets/586.svg
588,法,assets/587.svg
589,韓,assets/588.svg
590,弊,assets/589.svg
591,煩,assets/590.svg
592,刑,assets/591.svg
593,起,assets/592.svg
594,翦,assets/593.svg
595,頗,assets/594.svg
596,牧,assets/595.svg
597,用,assets/596.svg
598,軍,assets/597.svg
599,最,assets/598.svg
600,精,assets/599.svg
601,宣,assets/600.svg
602,威,assets/601.svg
603,沙,assets/602.svg
604,漠,assets/603.svg
605,馳,assets/604.svg
606,譽,assets/605.svg
607,丹,assets/606.svg
608,青,assets/607.svg
609,九,assets/608.svg
610,州,assets/609.svg
611,禹,assets/610.svg
612,跡,assets/611.svg
613,百,assets/612.svg
614,郡,assets/613.svg
615,秦,assets/614.svg
616,并,assets/615.svg
617,嶽,assets/616.svg
618,宗,assets/617.svg
619,恒,assets/618.svg
620,岱,assets/619.svg
621,禪,assets/620.svg
622,主,assets/621.svg
623,云,assets/622.svg
624,亭,assets/623.svg
625,雁,assets/624.svg
626,門,assets/625.svg
627,紫,assets/626.svg
628,塞,assets/627.svg
629,雞,assets/628.svg
630,田,assets/629.svg
631,赤,assets/630.svg
632,城,assets/631.svg
633,昆,assets/632.svg
634,池,assets/633.svg
635,碣,assets/634.svg
636,石,assets/635.svg
637,鉅,assets/636.svg
638,野,assets/637.svg
639,洞,assets/638.svg
640,庭,assets/639.svg
641,曠,assets/640.svg
642,遠,assets/641.svg
643,綿,assets/642.svg
644,邈,assets/643.svg
645,巖,assets/644.svg
646,岫,assets/645.svg
647,杳,assets/646.svg
648,冥,assets/647.svg
649,治,assets/648.svg
650,本,assets/649.svg
651,於,assets/650.svg
652,農,assets/651.svg
653,務,assets/652.svg
654,茲,assets/653.svg
655,稼,assets/654.svg
656,穡,assets/655.svg
657,俶,assets/656.svg
658,載,assets/657.svg
659,南,assets/658.svg
660,畝,assets/659.svg
661,我,assets/660.svg
662,藝,assets/661.svg
663,黍,assets/662.svg
664,稷,assets/663.svg
665,稅,assets/664.svg
666,熟,assets/665.svg
667,貢,assets/666.svg
668,新,assets/667.svg
669,勸,assets/668.svg
670,賞,assets/669.svg
671,黜,assets/670.svg
672,陟,assets/671.svg
673,孟,assets/672.svg
674,軻,assets/673.svg
675,敦,assets/674.svg
676,素,assets/675.svg
677,史,assets/676.svg
678,魚,assets/677.svg
679,秉,assets/678.svg
680,直,assets/679.svg
681,庶,assets/680.svg
682,幾,assets/681.svg
683,中,assets/682.svg
684,庸,assets/683.svg
685,勞,assets/684.svg
686,謙,assets/685.svg
687,謹,assets/686.svg
688,敕,assets/687.svg
689,聆,assets/688.svg
690,音,assets/689.svg
691,察,assets/690.svg
692,理,assets/691.svg
693,鑒,assets/692.svg
694,貌,assets/693.svg
695,辨,assets/694.svg
696,色,assets/695.svg
697,貽,assets/696.svg
698,厥,assets/697.svg
699,嘉,assets/698.svg
700,猷,assets/699.svg
701,勉,assets/700.svg
702,其,assets/701.svg
703,祗,assets/702.svg
704,植,assets/703.svg
705,省,assets/704.svg
706,躬,assets/705.svg
707,譏,assets/706.svg
708,誡,assets/707.svg
709,寵,assets/708.svg
710,增,assets/709.svg
711,抗,assets/710.svg
712,極,assets/711.svg
713,殆,assets/712.svg
714,辱,assets/713.svg
715,近,assets/714.svg
716,恥,assets/715.svg
717,林,assets/716.svg
718,皋,assets/717.svg
719,幸,assets/718.svg
720,即,assets/719.svg
721,兩,assets/720.svg
722,疏,assets/721.svg
723,見,assets/722.svg
724,機,assets/723.svg
725,解,assets/724.svg
726,組,assets/725.svg
727,誰,assets/726.svg
728,逼,assets/727.svg
729,索,assets/728.svg
730,居,assets/729.svg
731,閒,assets/730.svg
732,處,assets/731.svg
733,沉,assets/732.svg
734,默,assets/733.svg
735,寂,assets/734.svg
736,寥,assets/735.svg
737,求,assets/736.svg
738,古,assets/737.svg
739,尋,assets/738.svg
740,論,assets/739.svg
741,散,assets/740.svg
742,慮,assets/741.svg
743,逍,assets/742.svg
744,遙,assets/743.svg
745,欣,assets/744.svg
746,奏,assets/745.svg
747,累,assets/746.svg
748,遣,assets/747.svg
749,慼,assets/748.svg
750,謝,assets/749.svg
751,歡,assets/750.svg
752,招,assets/751.svg
753,渠,assets/752.svg
754,荷,assets/753.svg
755,的,assets/754.svg
756,歷,assets/755.svg
757,園,assets/756.svg
758,莽,assets/757.svg
759,抽,assets/758.svg
760,條,assets/759.svg
761,枇,assets/760.svg
762,杷,assets/761.svg
763,晚,assets/762.svg
764,翠,assets/763.svg
765,梧,assets/764.svg
766,桐,assets/765.svg
767,早,assets/766.svg
768,凋,assets/767.svg
769,陳,assets/768.svg
770,根,assets/769.svg
771,委,assets/770.svg
772,翳,assets/771.svg
773,落,assets/772.svg
774,葉,assets/773.svg
775,飄,assets/774.svg
776,颻,assets/775.svg
777,遊,assets/776.svg
778,鵾,assets/777.svg
779,獨,assets/778.svg
780,運,assets/779.svg
781,凌,assets/780.svg
782,摩,assets/781.svg
783,絳,assets/782.svg
784,霄,assets/783.svg
785,耽,assets/784.svg
786,讀,assets/785.svg
787,翫,assets/786.svg
788,市,assets/787.svg
789,寓,assets/788.svg
790,目,assets/789.svg
791,囊,assets/790.svg
792,箱,assets/791.svg
793,易,assets/792.svg
794,輶,assets/793.svg
795,攸,assets/794.svg
796,畏,assets/795.svg
797,屬,assets/796.svg
798,耳,assets/797.svg
799,垣,assets/798.svg
800,牆,assets/799.svg
801,具,assets/800.svg
802,膳,assets/801.svg
803,餐,assets/802.svg
804,飯,assets/803.svg
805,適,assets/804.svg
806,口,assets/805.svg
807,充,assets/806.svg
808,腸,assets/807.svg
809,飽,assets/808.svg
810,飫,assets/809.svg
811,烹,assets/810.svg
812,宰,assets/811.svg
813,飢,assets/812.svg
814,厭,assets/813.svg
815,糟,assets/814.svg
816,糠,assets/815.svg
817,親,assets/816.svg
818,戚,assets/817.svg
819,故,assets/818.svg
820,舊,assets/819.svg
821,老,assets/820.svg
822,少,assets/821.svg
823,異,assets/822.svg
824,糧,assets/823.svg
825,妾,assets/824.svg
826,御,assets/825.svg
827,績,assets/826.svg
828,紡,assets/827.svg
829,侍,assets/828.svg
830,巾,assets/829.svg
831,帷,assets/830.svg
832,房,assets/831.svg
833,紈,assets/832.svg
834,扇,assets/833.svg
835,圓,assets/834.svg
836,潔,assets/835.svg
837,銀,assets/836.svg
838,燭,assets/837.svg
839,煒,assets/838.svg
840,煌,assets/839.svg
841,晝,assets/840.svg
842,眠,assets/841.svg
843,夕,assets/842.svg
844,寐,assets/843.svg
845,藍,assets/844.svg
846,筍,assets/845.svg
847,象,assets/846.svg
848,床,assets/847.svg
849,弦,assets/848.svg
850,歌,assets/849.svg
851,酒,assets/850.svg
852,宴,assets/851.svg
853,接,assets/852.svg
854,杯,assets/853.svg
855,舉,assets/854.svg
856,觴,assets/855.svg
857,矯,assets/856.svg
858,手,assets/857.svg
859,頓,assets/858.svg
860,足,assets/859.svg
861,悅,assets/860.svg
862,豫,assets/861.svg
863,且,assets/862.svg
864,康,assets/863.svg
865,嫡,assets/864.svg
866,後,assets/865.svg
867,嗣,assets/866.svg
868,續,assets/867.svg
869,祭,assets/868.svg
870,祀,assets/869.svg
871,烝,assets/870.svg
872,嘗,assets/871.svg
873,稽,assets/872.svg
874,顙,assets/873.svg
875,再,assets/874.svg
876,拜,assets/875.svg
877,悚,assets/876.svg
878,懼,assets/877.svg
879,恐,assets/878.svg
880,惶,assets/879.svg
881,牋,assets/880.svg
882,牒,assets/881.svg
883,簡,assets/882.svg
884,要,assets/883.svg
885,顧,assets/884.svg
886,答,assets/885.svg
887,審,assets/886.svg
888,詳,assets/887.svg
889,骸,assets/888.svg
890,垢,assets/889.svg
891,想,assets/890.svg
892,浴,assets/891.svg
893,執,assets/892.svg
894,熱,assets/893.svg
895,願,assets/894.svg
896,涼,assets/895.svg
897,驢,assets/896.svg
898,騾,assets/897.svg
899,犢,assets/898.svg
900,特,assets/899.svg
901,駭,assets/900.svg
902,躍,assets/901.svg
903,超,assets/902.svg
904,驤,assets/903.svg
905,誅,assets/904.svg
906,斬,assets/905.svg
907,賊,assets/906.svg
908,盜,assets/907.svg
909,捕,assets/908.svg
910,獲,assets/909.svg
911,叛,assets/910.svg
912,亡,assets/911.svg
913,布,assets/912.svg
914,射,assets/913.svg
915,遼,assets/914.svg
916,丸,assets/915.svg
917,嵇,assets/916.svg
918,琴,assets/917.svg
919,阮,assets/918.svg
920,嘯,assets/919.svg
921,恬,assets/920.svg
922,筆,assets/921.svg
923,倫,assets/922.svg
924,紙,assets/923.svg
925,鈞,assets/924.svg
926,巧,assets/925.svg
927,任,assets/926.svg
928,釣,assets/927.svg
929,釋,assets/928.svg
930,紛,assets/929.svg
931,利,assets/930.svg
932,俗,assets/931.svg
933,並,assets/932.svg
934,皆,assets/933.svg
935,佳,assets/934.svg
936,妙,assets/935.svg
937,毛,assets/936.svg
938,施,assets/937.svg
939,淑,assets/938.svg
940,姿,assets/939.svg
941,工,assets/940.svg
942,顰,assets/941.svg
943,妍,assets/942.svg
944,笑,assets/943.svg
945,年,assets/944.svg
946,矢,assets/945.svg
947,每,assets/946.svg
948,催,assets/947.svg
949,曦,assets/948.svg
950,暉,assets/949.svg
951,朗,assets/950.svg
952,曜,assets/951.svg
953,璇,assets/952.svg
954,璣,assets/953.svg
955,懸,assets/954.svg
956,斡,assets/955.svg
957,晦,assets/956.svg
958,魄,assets/957.svg
959,環,assets/958.svg
960,照,assets/959.svg
961,指,assets/960.svg
962,薪,assets/961.svg
963,修,assets/962.svg
964,祜,assets/963.svg
965,永,assets/964.svg
966,綏,assets/965.svg
967,吉,assets/966.svg
968,劭,assets/967.svg
969,矩,assets/968.svg
970,步,assets/969.svg
971,引,assets/970.svg
972,領,assets/971.svg
973,俯,assets/972.svg
974,仰,assets/973.svg
975,廊,assets/974.svg
976,廟,assets/975.svg
977,束,assets/976.svg
978,帶,assets/977.svg
979,矜,assets/978.svg
980,莊,assets/979.svg
981,徘,assets/980.svg
982,徊,assets/981.svg
983,瞻,assets/982.svg
984,眺,assets/983.svg
985,孤,assets/984.svg
986,陋,assets/985.svg
987,寡,assets/986.svg
988,聞,assets/987.svg
989,愚,assets/988.svg
990,蒙,assets/989.svg
991,等,assets/990.svg
992,誚,assets/991.svg
993,謂,assets/992.svg
994,語,assets/993.svg
995,助,assets/994.svg
996,者,assets/995.svg
997,焉,assets/996.svg
998,哉,assets/997.svg
999,乎,assets/998.svg
1000,也,assets/999.svg
